id,name,model_id:id,group_id:id,perm_read,perm_write,perm_create,perm_unlink
access_mcp_tenant_user,mcp.tenant.user,model_mcp_tenant,group_mcp_user,1,0,0,0
access_mcp_tenant_admin,mcp.tenant.admin,model_mcp_tenant,group_mcp_admin,1,1,1,1
access_mcp_api_key_user,mcp.api.key.user,model_mcp_api_key,group_mcp_user,1,0,0,0
access_mcp_api_key_admin,mcp.api.key.admin,model_mcp_api_key,group_mcp_admin,1,1,1,1
access_mcp_token_user,mcp.token.user,model_mcp_token,group_mcp_user,1,0,0,0
access_mcp_token_admin,mcp.token.admin,model_mcp_token,group_mcp_admin,1,1,1,1
access_mcp_model_access_user,mcp.model.access.user,model_mcp_model_access,group_mcp_user,1,0,0,0
access_mcp_model_access_admin,mcp.model.access.admin,model_mcp_model_access,group_mcp_admin,1,1,1,1
access_mcp_audit_log_user,mcp.audit.log.user,model_mcp_audit_log,group_mcp_user,1,0,0,0
access_mcp_audit_log_admin,mcp.audit.log.admin,model_mcp_audit_log,group_mcp_admin,1,1,1,1
access_mcp_job_user,mcp.job.user,model_mcp_job,group_mcp_user,1,0,0,0
access_mcp_job_admin,mcp.job.admin,model_mcp_job,group_mcp_admin,1,1,1,1
access_mcp_generated_module_user,mcp.generated.module.user,model_mcp_generated_module,group_mcp_user,1,0,0,0
access_mcp_generated_module_admin,mcp.generated.module.admin,model_mcp_generated_module,group_mcp_admin,1,1,1,1
access_mcp_portal_page_user,mcp.portal.page.user,model_mcp_portal_page,group_mcp_user,1,0,0,0
access_mcp_portal_page_admin,mcp.portal.page.admin,model_mcp_portal_page,group_mcp_admin,1,1,1,1
access_mcp_oauth_client_admin,mcp.oauth.client.admin,model_mcp_oauth_client,group_mcp_admin,1,1,1,1
access_mcp_key_rotate_wizard,mcp.key.rotate.wizard,model_mcp_key_rotate_wizard,group_mcp_admin,1,1,1,1
access_mcp_test_connection_wizard,mcp.test.connection.wizard,model_mcp_test_connection_wizard,group_mcp_admin,1,1,1,1
